<?xml version="1.0" encoding="UTF-8"?>
<!DOCTYPE suite SYSTEM "http://testng.org/testng-1.0.dtd">
<suite name="XML Demo Suite">
    <test name="Grouping Demo Tests">

        <!-- execution of the groups on Class4Test file-->
        <groups>
            <run>
<!--                <include name="failed_login"/>-->
                <include name="purchase_page"/>
            </run>
        </groups>
        <classes>
            <class name="learningTestFramework.Class4Test"/>
        </classes>
    </test>
</suite>